momentum_quintile,mean_future_5d_return
Q1 losers,0.0032380389679417996
Q2,0.0026615291382850754
Q3,0.002696851487646188
Q4,0.0026602583836325706
Q5 winners,0.002165341753646057
